,Stock,date,action_prob
0,$MCD,20170101,0
1,$MCD,20170102,-0.5519149402777354
2,$MCD,20170103,-0.45502564836950865
3,$MCD,20170104,-0.7039633612243497
4,$MCD,20170105,-0.7302608143199574
5,$MCD,20170106,-0.7984117415716063
6,$MCD,20170107,-0.7066954947434939
7,$MCD,20170108,-0.7060188596898859
8,$MCD,20170109,-0.7228278040885925
9,$MCD,20170110,-0.7456590982583853
10,$MCD,20170111,-0.7028223457859784
11,$MCD,20170112,-0.612399965217433
12,$MCD,20170113,-0.5739501435309649
13,$MCD,20170114,-0.4898696117328875
14,$MCD,20170115,-0.5890099825682463
15,$MCD,20170116,-0.4705045498334445
16,$MCD,20170117,-0.46110208468003705
17,$MCD,20170118,-0.48110121680844214
18,$MCD,20170119,-0.6080387459860908
19,$MCD,20170120,-0.7442395230557056
20,$MCD,20170121,-0.6717749283863947
21,$MCD,20170122,-0.695082277059555
22,$MCD,20170123,-0.6038476244823353
23,$MCD,20170124,-0.4554919892427873
24,$MCD,20170125,-0.2993502331816632
25,$MCD,20170126,-0.3993263317827593
26,$MCD,20170127,-0.5617638413722699
27,$MCD,20170128,-0.6477596748108957
28,$MCD,20170129,-0.6958352488776048
29,$MCD,20170130,-0.7120294198393822
30,$MCD,20170131,-0.5972335847412668
31,$MCD,20170201,-0.6302092026691047
32,$MCD,20170202,-0.6470241018061368
33,$MCD,20170203,-0.5911848273193627
34,$MCD,20170204,-0.5875491162141164
35,$MCD,20170205,-0.6101884115826
36,$MCD,20170206,-0.7822943375660822
37,$MCD,20170207,-0.6204023497445242
38,$MCD,20170208,-0.5804530620574951
39,$MCD,20170209,-0.5985011756420135
40,$MCD,20170210,-0.5446150333716951
41,$MCD,20170211,-0.5348988011960061
42,$MCD,20170212,-0.5121850056468316
43,$MCD,20170213,-0.5864169612908975
44,$MCD,20170214,-0.5057869255542755
45,$MCD,20170215,-0.4628444035002526
46,$MCD,20170216,-0.414141188065211
47,$MCD,20170217,-0.4776682531247374
48,$MCD,20170218,-0.4146003514005427
49,$MCD,20170219,-0.3846388129251344
50,$MCD,20170220,-0.22759798914194107
51,$MCD,20170221,-0.3036331554253896
52,$MCD,20170222,-0.5721903462563792
53,$MCD,20170223,-0.6169949005479398
54,$MCD,20170224,-0.6860416862699721
55,$MCD,20170225,-0.4236280580065144
56,$MCD,20170226,-0.34357518967935596
57,$MCD,20170227,-0.3151380121707916
58,$MCD,20170228,-0.5661605160969955
59,$MCD,20170301,-0.6875500710386979
60,$MCD,20170302,-0.6694287938891716
61,$MCD,20170303,-0.5292521305382252
62,$MCD,20170304,-0.5497508586748786
63,$MCD,20170305,-0.4795993129412333
64,$MCD,20170306,-0.6023228184172982
65,$MCD,20170307,-0.5926281015078226
66,$MCD,20170308,-0.4666828857527839
67,$MCD,20170309,-0.6369316460830825
68,$MCD,20170310,-0.6524017394566145
69,$MCD,20170311,-0.6981609041040594
70,$MCD,20170312,-0.5824475976137015
71,$MCD,20170313,-0.399531222306765
72,$MCD,20170314,-0.23934092469837354
73,$MCD,20170315,-0.38087900638580324
74,$MCD,20170316,-0.490780440069014
75,$MCD,20170317,-0.652595983899158
76,$MCD,20170318,-0.4992738962173462
77,$MCD,20170319,-0.5052677866530745
78,$MCD,20170320,-0.48648853063583375
79,$MCD,20170321,-0.7510015977465588
80,$MCD,20170322,-0.750078391769658
81,$MCD,20170323,-0.577307379245758
82,$MCD,20170324,-0.44301797207011734
83,$MCD,20170325,-0.5531176851506818
84,$MCD,20170326,-0.707613774217092
85,$MCD,20170327,-0.7537884930285011
86,$MCD,20170328,-0.6933247425726482
87,$MCD,20170329,-0.5866990427713137
88,$MCD,20170330,-0.5570398837327957
89,$MCD,20170331,-0.6227495835182515
90,$MCD,20170401,-0.5943994938202624
91,$MCD,20170402,-0.5818508320621082
92,$MCD,20170403,-0.48265717923641205
93,$MCD,20170404,-0.5285921680430571
94,$MCD,20170405,-0.4437749617629581
95,$MCD,20170406,-0.47975712034800283
96,$MCD,20170407,-0.47104691771360546
97,$MCD,20170408,-0.5501728185585567
98,$MCD,20170409,-0.6122550517320633
99,$MCD,20170410,-0.6278070566200075
100,$MCD,20170411,-0.7520039863884449
101,$MCD,20170412,-0.6957033462822437
102,$MCD,20170413,-0.43664186298847196
103,$MCD,20170414,-0.4275930790191001
104,$MCD,20170415,-0.3869637608528137
105,$MCD,20170416,-0.42481553223397994
106,$MCD,20170417,-0.3554714840391408
107,$MCD,20170418,-0.3359306432582714
108,$MCD,20170419,-0.23394602050586621
109,$MCD,20170420,-0.16726649225803844
110,$MCD,20170421,-0.2097687992182645
111,$MCD,20170422,-0.04760758835693885
112,$MCD,20170423,-0.08262374358517784
113,$MCD,20170424,0.08334942026571794
114,$MCD,20170425,-0.2486224671204885
115,$MCD,20170426,-0.20008828578057228
116,$MCD,20170427,-0.22646842032303044
117,$MCD,20170428,-0.20491003687098874
118,$MCD,20170429,-0.37914020229469647
119,$MCD,20170430,-0.32480117107959505
120,$MCD,20170501,-0.4338222280988153
121,$MCD,20170502,-0.4375508354931343
122,$MCD,20170503,-0.4701214815889086
123,$MCD,20170504,-0.42494543438607996
124,$MCD,20170505,-0.5234289039265025
125,$MCD,20170506,-0.5524802773685779
126,$MCD,20170507,-0.5984646302202473
127,$MCD,20170508,-0.598801606467792
128,$MCD,20170509,-0.4380058338565211
129,$MCD,20170510,-0.4327351450920105
130,$MCD,20170511,-0.33284301070843714
131,$MCD,20170512,-0.3911928653717041
132,$MCD,20170513,-0.2527016656739371
133,$MCD,20170514,-0.35645844770032303
134,$MCD,20170515,-0.3877526856958866
135,$MCD,20170516,-0.551947222199551
136,$MCD,20170517,-0.5155646978540623
137,$MCD,20170518,-0.3890705704689026
138,$MCD,20170519,-0.28371934866418647
139,$MCD,20170520,-0.3114646039903164
140,$MCD,20170521,-0.34235513475206164
141,$MCD,20170522,-0.4434467906301672
142,$MCD,20170523,-0.5296626091003418
143,$MCD,20170524,-0.5476456880569458
144,$MCD,20170525,-0.5388941314755654
145,$MCD,20170526,-0.609730224949973
146,$MCD,20170527,-0.6036917152612106
147,$MCD,20170528,-0.6321086065441954
148,$MCD,20170529,-0.3848458903807181
149,$MCD,20170530,-0.368655689060688
150,$MCD,20170531,-0.3575729416175322
151,$MCD,20170601,-0.32972830533981323
152,$MCD,20170602,-0.4361398486948725
153,$MCD,20170603,-0.47669298770064017
154,$MCD,20170604,-0.5977901679774126
155,$MCD,20170605,-0.5527566624315161
156,$MCD,20170606,-0.49509745577107306
157,$MCD,20170607,-0.4766459453105927
158,$MCD,20170608,-0.4922439696495993
159,$MCD,20170609,-0.5428802240978587
160,$MCD,20170610,-0.5434371613222977
161,$MCD,20170611,-0.6167316830383157
162,$MCD,20170612,-0.6960442557930946
163,$MCD,20170613,-0.4940286949276924
164,$MCD,20170614,-0.3334085591255672
165,$MCD,20170615,-0.29175831399746793
166,$MCD,20170616,-0.3339220741215874
167,$MCD,20170617,-0.5241822928798442
168,$MCD,20170618,-0.48733964562416077
169,$MCD,20170619,-0.5743631429788543
170,$MCD,20170620,-0.3758188962936401
171,$MCD,20170621,-0.4914806317538023
172,$MCD,20170622,-0.49433884725851174
173,$MCD,20170623,-0.49564195602712496
174,$MCD,20170624,-0.4437461366840437
175,$MCD,20170625,-0.41586635793958393
176,$MCD,20170626,-0.3691304438822978
177,$MCD,20170627,-0.5362645105311745
178,$MCD,20170628,-0.5706042623033329
179,$MCD,20170629,-0.6245705730148724
180,$MCD,20170630,-0.6016133806922219
181,$MCD,20170701,-0.36913860896054435
182,$MCD,20170702,-0.3703388509651025
183,$MCD,20170703,-0.3041323166001927
184,$MCD,20170704,-0.46601890447812205
185,$MCD,20170705,-0.3464522274101482
186,$MCD,20170706,-0.3487993993542411
187,$MCD,20170707,-0.31387502125331335
188,$MCD,20170708,-0.32003304755912637
189,$MCD,20170709,-0.308951735496521
190,$MCD,20170710,-0.3705428730357777
191,$MCD,20170711,-0.5550289766208546
192,$MCD,20170712,-0.31968809549625105
193,$MCD,20170713,-0.3036243794328075
194,$MCD,20170714,-0.08248761354708205
195,$MCD,20170715,-0.2855018012377681
196,$MCD,20170716,-0.27419306567082036
197,$MCD,20170717,-0.4817397788167
198,$MCD,20170718,-0.5676277947425842
199,$MCD,20170719,-0.47903209552168846
200,$MCD,20170720,-0.4326984118997005
201,$MCD,20170721,-0.5055221069942821
202,$MCD,20170722,-0.5693871183642025
203,$MCD,20170723,-0.5195290960114578
204,$MCD,20170724,-0.46436051945937307
205,$MCD,20170725,-0.47077366968859796
206,$MCD,20170726,-0.5162773840129375
207,$MCD,20170727,-0.39019395502246157
208,$MCD,20170728,-0.4024441722613662
209,$MCD,20170729,-0.24352564759876416
210,$MCD,20170730,-0.3527677092912062
211,$MCD,20170731,-0.41404391470409574
212,$MCD,20170801,-0.6306728659005001
213,$MCD,20170802,-0.508790371283679
214,$MCD,20170803,-0.4796539743741353
215,$MCD,20170804,-0.4761512346806065
216,$MCD,20170805,-0.5061246460559321
217,$MCD,20170806,-0.4643484138427897
218,$MCD,20170807,-0.3515936066122616
219,$MCD,20170808,-0.42420996692445545
220,$MCD,20170809,-0.48942015433715563
221,$MCD,20170810,-0.5870879173278809
222,$MCD,20170811,-0.5917315761248271
223,$MCD,20170812,-0.6045882673490615
224,$MCD,20170813,-0.5432520244942337
225,$MCD,20170814,-0.6806916286205423
226,$MCD,20170815,-0.6650387023357635
227,$MCD,20170816,-0.5854801269287758
228,$MCD,20170817,-0.49653872899841844
229,$MCD,20170818,-0.44350876866794026
230,$MCD,20170819,-0.5024187320568523
231,$MCD,20170820,-0.3578258378832948
232,$MCD,20170821,-0.3506373473576137
233,$MCD,20170822,-0.25121708012915944
234,$MCD,20170823,-0.46552879015604653
235,$MCD,20170824,-0.47992347998003804
236,$MCD,20170825,-0.4974686758858817
237,$MCD,20170826,-0.4559932231903076
238,$MCD,20170827,-0.4714363349808587
239,$MCD,20170828,-0.4715273322128668
240,$MCD,20170829,-0.5678624497218565
241,$MCD,20170830,-0.5451187603878525
242,$MCD,20170831,-0.6379769857113178
243,$MCD,20170901,-0.455148095987281
244,$MCD,20170902,-0.3720237374305725
245,$MCD,20170903,-0.2604928430245847
246,$MCD,20170904,-0.4543504226207733
247,$MCD,20170905,-0.7090763499339422
248,$MCD,20170906,-0.6750756700833639
249,$MCD,20170907,-0.6656500811272479
250,$MCD,20170908,-0.6428708512828035
251,$MCD,20170909,-0.6601878797466104
252,$MCD,20170910,-0.5537181636866402
253,$MCD,20170911,-0.43971121595019386
254,$MCD,20170912,-0.3123253325621287
255,$MCD,20170913,-0.5633813475187008
256,$MCD,20170914,-0.5851887045679866
257,$MCD,20170915,-0.6658883910912734
258,$MCD,20170916,-0.637410337016696
259,$MCD,20170917,-0.5903201655105308
260,$MCD,20170918,-0.6600206364756045
261,$MCD,20170919,-0.593767579964229
262,$MCD,20170920,-0.6250497524331255
263,$MCD,20170921,-0.6435922677056831
264,$MCD,20170922,-0.6330951952934265
265,$MCD,20170923,-0.6242094991499918
266,$MCD,20170924,-0.4513992825332953
267,$MCD,20170925,-0.3948325291275978
268,$MCD,20170926,-0.32402584723063876
269,$MCD,20170927,-0.6253613344458646
270,$MCD,20170928,-0.6678892825100873
271,$MCD,20170929,-0.4963067382574081
272,$MCD,20170930,-0.28520730300383135
273,$MCD,20171001,-0.27259218058687573
274,$MCD,20171002,-0.25440967082977295
275,$MCD,20171003,-0.2911141976233452
276,$MCD,20171004,-0.4000965869703958
277,$MCD,20171005,-0.44752108841611626
278,$MCD,20171006,-0.4919612228870392
279,$MCD,20171007,-0.3837160431608862
280,$MCD,20171008,-0.40703018737393754
281,$MCD,20171009,-0.5773297752204695
282,$MCD,20171010,-0.6600183860675709
283,$MCD,20171011,-0.6656930191176278
284,$MCD,20171012,-0.2742231674492359
285,$MCD,20171013,-0.27433929964900017
286,$MCD,20171014,-0.15622771099994057
287,$MCD,20171015,-0.4383758132656415
288,$MCD,20171016,-0.36714167727364433
289,$MCD,20171017,-0.4179794160095421
290,$MCD,20171018,-0.3055404406605345
291,$MCD,20171019,-0.3013916441372463
292,$MCD,20171020,-0.35081463954487785
293,$MCD,20171021,-0.29668896655513816
294,$MCD,20171022,-0.1978735934804987
295,$MCD,20171023,-0.1425332377354304
296,$MCD,20171024,-0.1260774532953898
297,$MCD,20171025,-0.2068799458168171
298,$MCD,20171026,-0.21155182969185612
299,$MCD,20171027,-0.23576568925019467
300,$MCD,20171028,-0.346583753824234
301,$MCD,20171029,-0.45905400289071574
302,$MCD,20171030,-0.6176763307757493
303,$MCD,20171031,-0.652816079556942
304,$MCD,20171101,-0.5594628229737282
305,$MCD,20171102,-0.20681489900101063
306,$MCD,20171103,-0.1892872166633606
307,$MCD,20171104,-0.24698632178099258
308,$MCD,20171105,-0.31855522120585206
309,$MCD,20171106,-0.25876690447330475
310,$MCD,20171107,-0.2749000350634257
311,$MCD,20171108,-0.35557005710380024
312,$MCD,20171109,-0.4295108291235837
313,$MCD,20171110,-0.43355585569920746
314,$MCD,20171111,-0.4877972754079904
315,$MCD,20171112,-0.46046599902604757
316,$MCD,20171113,-0.5418063736543423
317,$MCD,20171114,-0.4023902788758278
318,$MCD,20171115,-0.4274143194540953
319,$MCD,20171116,-0.3683877401881748
320,$MCD,20171117,-0.37002871751785277
321,$MCD,20171118,-0.2952585366536986
322,$MCD,20171119,-0.29569194436073304
323,$MCD,20171120,-0.28800294250249864
324,$MCD,20171121,-0.39606380462646484
325,$MCD,20171122,-0.4502984693175868
326,$MCD,20171123,-0.45548272683070257
327,$MCD,20171124,-0.5034630390313956
328,$MCD,20171125,-0.5917674994894436
329,$MCD,20171126,-0.5970200689471498
330,$MCD,20171127,-0.5981694195005629
331,$MCD,20171128,-0.5672561731831781
332,$MCD,20171129,-0.38907408278162886
333,$MCD,20171130,-0.47046915122440885
334,$MCD,20171201,-0.3993183094443697
335,$MCD,20171202,-0.489687813866523
336,$MCD,20171203,-0.44561798095703126
337,$MCD,20171204,-0.44038929483469796
338,$MCD,20171205,-0.3102033463391391
339,$MCD,20171206,-0.3638450983094006
340,$MCD,20171207,-0.3044067906296771
341,$MCD,20171208,-0.41184841038344744
342,$MCD,20171209,-0.3185698764939462
343,$MCD,20171210,-0.540115690812832
344,$MCD,20171211,-0.531720444560051
345,$MCD,20171212,-0.6822362065315246
346,$MCD,20171213,-0.6438094303011894
347,$MCD,20171214,-0.5516899173909967
348,$MCD,20171215,-0.6280859989939995
349,$MCD,20171216,-0.5513253519311547
350,$MCD,20171217,-0.5331515607080961
351,$MCD,20171218,-0.3655510132129376
352,$MCD,20171219,-0.12076141436894734
353,$MCD,20171220,-0.3598695799361828
354,$MCD,20171221,-0.46195060990073467
355,$MCD,20171222,-0.5398831220640652
356,$MCD,20171223,-0.5223171994799659
357,$MCD,20171224,-0.4027765717422753
358,$MCD,20171225,-0.313418707182241
359,$MCD,20171226,-0.2961091742371068
360,$MCD,20171227,-0.4985657103600041
361,$MCD,20171228,-0.7355814718064808
362,$MCD,20171229,-0.74276502430439
363,$MCD,20171230,0
364,$MCD,20171231,0
365,$MCD,20180101,0
366,$MCD,20180102,-0.5757732152938843
367,$MCD,20180103,-0.5488238116105397
368,$MCD,20180104,-0.48207152262330055
369,$MCD,20180105,-0.5267880518557662
370,$MCD,20180106,-0.41244968886558825
371,$MCD,20180107,-0.41619259626307387
372,$MCD,20180108,-0.3082614163073098
373,$MCD,20180109,-0.26579156608292553
374,$MCD,20180110,-0.3336894250497585
375,$MCD,20180111,-0.4382634569298137
376,$MCD,20180112,-0.4702843250112331
377,$MCD,20180113,-0.43565021659813674
378,$MCD,20180114,-0.41291622872705813
379,$MCD,20180115,-0.5737601117445872
380,$MCD,20180116,-0.5829856428835127
381,$MCD,20180117,-0.43625106710068723
382,$MCD,20180118,-0.3559697008969491
383,$MCD,20180119,-0.35731784863905475
384,$MCD,20180120,-0.39018126215253557
385,$MCD,20180121,-0.41014139141355244
386,$MCD,20180122,-0.5331216861331274
387,$MCD,20180123,-0.5690117915471394
388,$MCD,20180124,-0.49286260828375816
389,$MCD,20180125,-0.3182789484659831
390,$MCD,20180126,-0.3373793305420294
391,$MCD,20180127,-0.31562734557234723
392,$MCD,20180128,-0.23289336798326024
393,$MCD,20180129,-0.11776635748274783
394,$MCD,20180130,-0.10124706394142574
395,$MCD,20180131,-0.3483449363708496
396,$MCD,20180201,-0.4752899209658305
397,$MCD,20180202,-0.49040652244863375
398,$MCD,20180203,-0.6402332062991161
399,$MCD,20180204,-0.8142582468497448
400,$MCD,20180205,-0.6781614495783436
401,$MCD,20180206,-0.6372084663464472
402,$MCD,20180207,-0.669636455449191
403,$MCD,20180208,-0.7171635578076044
404,$MCD,20180209,-0.7238978327266754
405,$MCD,20180210,-0.5736598336335385
406,$MCD,20180211,-0.5598431902903097
407,$MCD,20180212,-0.5230212264590793
408,$MCD,20180213,-0.5106711030006409
409,$MCD,20180214,-0.5033670406083803
410,$MCD,20180215,-0.48682300249735516
411,$MCD,20180216,-0.47569410150701347
412,$MCD,20180217,-0.4972716436094167
413,$MCD,20180218,-0.475765399030737
414,$MCD,20180219,-0.46296947965255153
415,$MCD,20180220,-0.4310170208152972
416,$MCD,20180221,-0.644343312444358
417,$MCD,20180222,-0.6857833246053275
418,$MCD,20180223,-0.6237261593341827
419,$MCD,20180224,-0.43788392543792726
420,$MCD,20180225,-0.2732344200444776
421,$MCD,20180226,-0.36208491325378417
422,$MCD,20180227,-0.3848213432011781
423,$MCD,20180228,-0.4705036719640096
424,$MCD,20180301,-0.3809172040537784
425,$MCD,20180302,-0.4296251146689705
426,$MCD,20180303,-0.5630458450015587
427,$MCD,20180304,-0.6653686498666739
428,$MCD,20180305,-0.707989526371802
429,$MCD,20180306,-0.855691542992225
430,$MCD,20180307,-0.607835138385946
431,$MCD,20180308,-0.561290901016306
432,$MCD,20180309,-0.5100136535209522
433,$MCD,20180310,-0.4571113657951355
434,$MCD,20180311,-0.4395902850411155
435,$MCD,20180312,-0.37881690884629887
436,$MCD,20180313,-0.5747737672593859
437,$MCD,20180314,-0.535177078630243
438,$MCD,20180315,-0.44877339419672047
439,$MCD,20180316,-0.38126774864681695
440,$MCD,20180317,-0.42353568178542117
441,$MCD,20180318,-0.5805292200474512
442,$MCD,20180319,-0.6202745556831359
443,$MCD,20180320,-0.7974805357092518
444,$MCD,20180321,-0.7113993202430614
445,$MCD,20180322,-0.6239489558814229
446,$MCD,20180323,-0.3560030450255184
447,$MCD,20180324,-0.41647229086269033
448,$MCD,20180325,-0.5173035051141467
449,$MCD,20180326,-0.7360549490406828
450,$MCD,20180327,-0.7090769765224862
451,$MCD,20180328,-0.6198990313630355
452,$MCD,20180329,-0.39056176108282964
453,$MCD,20180330,-0.4381102310574573
454,$MCD,20180331,-0.5412405010253664
455,$MCD,20180401,-0.5112490910908272
456,$MCD,20180402,-0.4388926240305106
457,$MCD,20180403,-0.38942492233132414
458,$MCD,20180404,-0.4446042544311947
459,$MCD,20180405,-0.4440376181451101
460,$MCD,20180406,-0.458260647037573
461,$MCD,20180407,-0.3509355367354627
462,$MCD,20180408,-0.4577574314815657
463,$MCD,20180409,-0.39749700074293176
464,$MCD,20180410,-0.3266660853967828
465,$MCD,20180411,-0.14911347856888404
466,$MCD,20180412,-0.1341140701415691
467,$MCD,20180413,-0.27525131289775556
468,$MCD,20180414,-0.3308791862407201
469,$MCD,20180415,-0.3405490077060202
470,$MCD,20180416,-0.3248630538582802
471,$MCD,20180417,-0.3561110987382777
472,$MCD,20180418,-0.16157171875238419
473,$MCD,20180419,0
474,$MCD,20180420,-0.5728571563959122
475,$MCD,20180421,-0.6356511924948011
476,$MCD,20180422,-0.630868541031349
477,$MCD,20180423,-0.6493303179740906
478,$MCD,20180424,-0.5964510257427509
479,$MCD,20180425,-0.4908487087204343
480,$MCD,20180426,-0.4766039746563609
481,$MCD,20180427,-0.5511612360541885
482,$MCD,20180428,-0.5464236237564866
483,$MCD,20180429,-0.5350705629740006
484,$MCD,20180430,-0.4215437280280249
485,$MCD,20180501,0
486,$MCD,20180502,-0.3959656746491142
487,$MCD,20180503,-0.26170412836403684
488,$MCD,20180504,-0.38916492760181426
489,$MCD,20180505,-0.3184286420409744
490,$MCD,20180506,-0.6321573761793283
491,$MCD,20180507,-0.6506163028051268
492,$MCD,20180508,-0.7018005369287549
493,$MCD,20180509,-0.6210770064166614
494,$MCD,20180510,-0.5435336102138866
495,$MCD,20180511,-0.5523303355041304
496,$MCD,20180512,-0.41749125583605334
497,$MCD,20180513,-0.48753656799143014
498,$MCD,20180514,-0.5359745803086654
499,$MCD,20180515,-0.5237772274524608
500,$MCD,20180516,-0.5939486066500346
501,$MCD,20180517,-0.5627705037593842
502,$MCD,20180518,-0.6482107053909983
503,$MCD,20180519,-0.5621931108377748
504,$MCD,20180520,-0.5072142825288287
505,$MCD,20180521,-0.5192418640310114
506,$MCD,20180522,-0.6025749857609088
507,$MCD,20180523,-0.5941765716782322
508,$MCD,20180524,-0.6106989999286464
509,$MCD,20180525,-0.6446017574879431
510,$MCD,20180526,-0.7495736061752617
511,$MCD,20180527,-0.7247158962410766
512,$MCD,20180528,-0.7096691727638245
513,$MCD,20180529,-0.6421054885500953
514,$MCD,20180530,-0.7345076538622379
515,$MCD,20180531,-0.6305145198648626
516,$MCD,20180601,-0.6347417244687676
517,$MCD,20180602,-0.5828751921653748
518,$MCD,20180603,-0.7444342263909274
519,$MCD,20180604,-0.747222775413144
520,$MCD,20180605,-0.617726958075235
521,$MCD,20180606,-0.6220859905420724
522,$MCD,20180607,-0.6607561347976564
523,$MCD,20180608,-0.729568186013595
524,$MCD,20180609,-0.6467043371761546
525,$MCD,20180610,-0.6365103657756533
526,$MCD,20180611,-0.4630794074477219
527,$MCD,20180612,-0.5234123222968158
528,$MCD,20180613,-0.4429580440888038
529,$MCD,20180614,-0.425013281996288
530,$MCD,20180615,-0.40807504270036343
531,$MCD,20180616,-0.45354935238438265
532,$MCD,20180617,-0.4960802408365103
533,$MCD,20180618,-0.5722202142079671
534,$MCD,20180619,-0.6501122328970167
535,$MCD,20180620,-0.7325304400089175
536,$MCD,20180621,-0.6199618285557009
537,$MCD,20180622,-0.5226381369705858
538,$MCD,20180623,-0.4288084888458252
539,$MCD,20180624,-0.36189089463307306
540,$MCD,20180625,-0.36251876647012277
541,$MCD,20180626,-0.3198333057490262
542,$MCD,20180627,-0.4294545529065309
543,$MCD,20180628,-0.48563480377197266
544,$MCD,20180629,-0.6383929171804654
545,$MCD,20180630,-0.6633293081303032
546,$MCD,20180701,-0.6812228705431964
547,$MCD,20180702,-0.7337655768944666
548,$MCD,20180703,-0.776201027281144
549,$MCD,20180704,-0.6691530992587408
550,$MCD,20180705,-0.5949861503936149
551,$MCD,20180706,-0.3764731325209141
552,$MCD,20180707,-0.4931320816278458
553,$MCD,20180708,-0.5152056383532148
554,$MCD,20180709,-0.550347367922465
555,$MCD,20180710,-0.5025042674758218
556,$MCD,20180711,-0.38302464077347204
557,$MCD,20180712,-0.39635264652746693
558,$MCD,20180713,-0.4868717092148801
559,$MCD,20180714,-0.5955203441473154
560,$MCD,20180715,-0.6912416978315874
561,$MCD,20180716,-0.6880537059572008
562,$MCD,20180717,-0.615324764592307
563,$MCD,20180718,-0.6506893867399635
564,$MCD,20180719,-0.5760627855425295
565,$MCD,20180720,-0.5043872281124717
566,$MCD,20180721,-0.441432190934817
567,$MCD,20180722,-0.3664958173578436
568,$MCD,20180723,-0.4156859761629349
569,$MCD,20180724,-0.25445192217826845
570,$MCD,20180725,-0.2511015743822665
571,$MCD,20180726,-0.1379259052100005
572,$MCD,20180727,0
573,$MCD,20180728,-0.7331629853982192
574,$MCD,20180729,-0.6335965741512387
575,$MCD,20180730,-0.5954632461071014
576,$MCD,20180731,-0.388253747352532
577,$MCD,20180801,-0.3163530859080228
578,$MCD,20180802,-0.2859245441397842
579,$MCD,20180803,-0.4258236885070801
580,$MCD,20180804,-0.6535194954093622
581,$MCD,20180805,-0.6089703884779238
582,$MCD,20180806,-0.635508468276576
583,$MCD,20180807,-0.4064770546452752
584,$MCD,20180808,-0.3627072274684906
585,$MCD,20180809,-0.3635783110346113
586,$MCD,20180810,-0.37115244494109856
587,$MCD,20180811,-0.4927876570008018
588,$MCD,20180812,-0.49463344106868823
589,$MCD,20180813,-0.5310500492067898
590,$MCD,20180814,-0.48868578388577416
591,$MCD,20180815,-0.5133436704581639
592,$MCD,20180816,-0.4640928840233108
593,$MCD,20180817,-0.5053153795711065
594,$MCD,20180818,-0.5577265058572476
595,$MCD,20180819,-0.6977842401485054
596,$MCD,20180820,-0.7439781376656066
597,$MCD,20180821,-0.7376392306165492
598,$MCD,20180822,-0.6172959595918656
599,$MCD,20180823,-0.5660426525746362
600,$MCD,20180824,-0.6308163237922332
601,$MCD,20180825,-0.6879226600945886
602,$MCD,20180826,-0.6581586835876344
603,$MCD,20180827,-0.5843156823297826
604,$MCD,20180828,-0.49868391840546217
605,$MCD,20180829,-0.5599821578888666
606,$MCD,20180830,-0.6594121264961531
607,$MCD,20180831,-0.6314494071468231
608,$MCD,20180901,-0.6203074635199781
609,$MCD,20180902,-0.5253636728633534
610,$MCD,20180903,-0.6767928181467829
611,$MCD,20180904,-0.7994950824770434
612,$MCD,20180905,-0.8606470777438238
613,$MCD,20180906,-0.602454774081707
614,$MCD,20180907,-0.4220068779858676
615,$MCD,20180908,-0.43804347436679036
616,$MCD,20180909,-0.43829622864723206
617,$MCD,20180910,-0.6420534275612741
618,$MCD,20180911,-0.48691730266032013
619,$MCD,20180912,-0.5966315557879787
620,$MCD,20180913,-0.45318699590230394
621,$MCD,20180914,-0.5660385489463806
622,$MCD,20180915,-0.4889828360080719
623,$MCD,20180916,-0.5902042587598165
624,$MCD,20180917,-0.6242635871501679
625,$MCD,20180918,-0.5869644755540893
626,$MCD,20180919,-0.4650263938249326
627,$MCD,20180920,-0.4640340437280371
628,$MCD,20180921,-0.37099352885376324
629,$MCD,20180922,-0.25126012166341144
630,$MCD,20180923,-0.2689607764812226
631,$MCD,20180924,-0.1991331273195695
632,$MCD,20180925,-0.3033076833034384
633,$MCD,20180926,-0.330289717231478
634,$MCD,20180927,-0.4067822240166745
635,$MCD,20180928,-0.37819057055141614
636,$MCD,20180929,-0.3696569042901198
637,$MCD,20180930,-0.37600761168711894
638,$MCD,20181001,-0.5257326534816197
639,$MCD,20181002,-0.6195588032404582
640,$MCD,20181003,-0.45716695127816037
641,$MCD,20181004,-0.4292286807490933
642,$MCD,20181005,-0.29313763976097107
643,$MCD,20181006,-0.41061404403650537
644,$MCD,20181007,-0.3905252789457639
645,$MCD,20181008,-0.5021941559655326
646,$MCD,20181009,-0.5158793635484649
647,$MCD,20181010,-0.42536941512686305
648,$MCD,20181011,-0.4137312035629715
649,$MCD,20181012,-0.5046515233481108
650,$MCD,20181013,-0.5627289827053363
651,$MCD,20181014,-0.707954860159329
652,$MCD,20181015,-0.5573430250991475
653,$MCD,20181016,-0.6089473043878874
654,$MCD,20181017,-0.5821479834892131
655,$MCD,20181018,-0.609753311611712
656,$MCD,20181019,-0.6267210400104523
657,$MCD,20181020,-0.536521594111736
658,$MCD,20181021,-0.33270727718869847
659,$MCD,20181022,-0.3529736594277985
660,$MCD,20181023,-0.3348211033003671
661,$MCD,20181024,-0.362816550608339
662,$MCD,20181025,-0.322403222322464
663,$MCD,20181026,-0.3468217726737734
664,$MCD,20181027,-0.6530356285246935
665,$MCD,20181028,-0.6086448282003403
666,$MCD,20181029,-0.6881559447544378
667,$MCD,20181030,-0.4989761432936025
668,$MCD,20181031,-0.4619970626019417
669,$MCD,20181101,-0.4354075779349117
670,$MCD,20181102,-0.4334156723583446
671,$MCD,20181103,-0.43520858124190687
672,$MCD,20181104,-0.4700529604423337
673,$MCD,20181105,-0.4795406129625108
674,$MCD,20181106,-0.3961130252251258
675,$MCD,20181107,-0.3388870291306939
676,$MCD,20181108,-0.34939814465386526
677,$MCD,20181109,-0.4192218038073757
678,$MCD,20181110,-0.582185531204397
679,$MCD,20181111,-0.5510101956233644
680,$MCD,20181112,-0.5831326258182525
681,$MCD,20181113,-0.33936844575099456
682,$MCD,20181114,-0.40291790518106196
683,$MCD,20181115,-0.5246922060594721
684,$MCD,20181116,-0.6252334251486021
685,$MCD,20181117,-0.5683430896864997
686,$MCD,20181118,-0.4903422060765718
687,$MCD,20181119,-0.3973791350920995
688,$MCD,20181120,-0.4745034527394079
689,$MCD,20181121,-0.4885416984558105
690,$MCD,20181122,-0.47434883226047864
691,$MCD,20181123,-0.4816352927459861
692,$MCD,20181124,-0.405609458100562
693,$MCD,20181125,-0.523968216984771
694,$MCD,20181126,-0.5811157997061567
695,$MCD,20181127,-0.5616922315798307
696,$MCD,20181128,-0.5589106012793148
697,$MCD,20181129,-0.5123724647470422
698,$MCD,20181130,-0.542049806032862
699,$MCD,20181201,-0.5131144025746514
700,$MCD,20181202,-0.5090652682163097
701,$MCD,20181203,-0.5659123477289232
702,$MCD,20181204,-0.506190254007067
703,$MCD,20181205,-0.6178476214408875
704,$MCD,20181206,-0.6985255913300947
705,$MCD,20181207,-0.8078967134157816
706,$MCD,20181208,-0.6353416624276534
707,$MCD,20181209,-0.46871847998012195
708,$MCD,20181210,-0.331441932711108
709,$MCD,20181211,-0.4175907905612673
710,$MCD,20181212,-0.5071108639240265
711,$MCD,20181213,-0.4881927380638738
712,$MCD,20181214,-0.33239632238775996
713,$MCD,20181215,-0.41694303699161694
714,$MCD,20181216,-0.3996239619122611
715,$MCD,20181217,-0.5569656513355397
716,$MCD,20181218,-0.40472760796546936
717,$MCD,20181219,-0.4444690388545655
718,$MCD,20181220,-0.46972874402999876
719,$MCD,20181221,-0.44246164766641766
720,$MCD,20181222,-0.5167369035574106
721,$MCD,20181223,-0.5143833650696662
722,$MCD,20181224,-0.5596467874668263
723,$MCD,20181225,-0.49680780893877935
724,$MCD,20181226,-0.5631354431952199
725,$MCD,20181227,-0.47858992329350225
726,$MCD,20181228,-0.44085545199257986
727,$MCD,20181229,-0.2961981838399714
728,$MCD,20181230,0
729,$MCD,20181231,0
730,$MCD,20190101,0
731,$MCD,20190102,-0.7386400625109673
732,$MCD,20190103,-0.6331701700886091
733,$MCD,20190104,-0.5559506213123148
734,$MCD,20190105,-0.48130580562132375
735,$MCD,20190106,-0.3952675980070363
736,$MCD,20190107,-0.3568404864620518
737,$MCD,20190108,-0.3583995748210598
738,$MCD,20190109,-0.3289717869325118
739,$MCD,20190110,-0.4607913762915368
740,$MCD,20190111,-0.4311631527103362
741,$MCD,20190112,-0.468485156415214
742,$MCD,20190113,-0.3741531584944044
743,$MCD,20190114,-0.38762081041932106
744,$MCD,20190115,-0.6691303213437398
745,$MCD,20190116,-0.3761786169865552
746,$MCD,20190117,-0.42627312528326156
747,$MCD,20190118,-0.4293627803975886
748,$MCD,20190119,-0.5500876014882868
749,$MCD,20190120,-0.5207443140273871
750,$MCD,20190121,-0.4717643722411125
751,$MCD,20190122,-0.4757316955204668
752,$MCD,20190123,-0.4986876716484895
753,$MCD,20190124,-0.479536281343092
754,$MCD,20190125,-0.42612893605718805
755,$MCD,20190126,-0.39084485283604375
756,$MCD,20190127,-0.1545218019573777
757,$MCD,20190128,-0.08523879791128225
758,$MCD,20190129,0.04975301858990691
759,$MCD,20190130,0.11817922691504161
760,$MCD,20190131,-0.2163667321205139
761,$MCD,20190201,-0.3509211945533752
762,$MCD,20190202,-0.429136136174202
763,$MCD,20190203,-0.505361000696818
764,$MCD,20190204,-0.5668867645841656
765,$MCD,20190205,-0.7817921971165857
766,$MCD,20190206,-0.6188114263393261
767,$MCD,20190207,-0.57095843364322
768,$MCD,20190208,-0.4878388811957161
769,$MCD,20190209,-0.44476296278563415
770,$MCD,20190210,-0.5022349851472038
771,$MCD,20190211,-0.4090309672885471
772,$MCD,20190212,-0.5187671126388922
773,$MCD,20190213,-0.48108343238180334
774,$MCD,20190214,-0.48820060933077775
775,$MCD,20190215,-0.5313469068362162
776,$MCD,20190216,-0.5716053751153005
777,$MCD,20190217,-0.604360556602478
778,$MCD,20190218,-0.6279749430593897
779,$MCD,20190219,-0.6516891287432777
780,$MCD,20190220,-0.5517913891423133
781,$MCD,20190221,-0.5136491242720156
782,$MCD,20190222,-0.4383231263894301
783,$MCD,20190223,-0.38610787789026896
784,$MCD,20190224,-0.35131132735146414
785,$MCD,20190225,-0.35228271947966683
786,$MCD,20190226,-0.37629573383638937
787,$MCD,20190227,-0.4380550980567932
788,$MCD,20190228,-0.5047503903854725
789,$MCD,20190301,-0.4710063073370192
790,$MCD,20190302,-0.40819940716028214
791,$MCD,20190303,-0.408983261420809
792,$MCD,20190304,-0.4895838052034378
793,$MCD,20190305,-0.629374476189309
794,$MCD,20190306,-0.4792025280448626
795,$MCD,20190307,-0.47357686758041384
796,$MCD,20190308,-0.36782964567343396
797,$MCD,20190309,-0.649838355026747
798,$MCD,20190310,-0.6538372023685558
799,$MCD,20190311,-0.5820547784528425
800,$MCD,20190312,-0.3495441653898784
801,$MCD,20190313,-0.1857673696109227
802,$MCD,20190314,-0.4556488222546048
803,$MCD,20190315,-0.5126888950665792
804,$MCD,20190316,-0.5291666262424909
805,$MCD,20190317,-0.52625079870224
806,$MCD,20190318,-0.5168861968844545
807,$MCD,20190319,-0.6905539444848603
808,$MCD,20190320,-0.6687018473943075
809,$MCD,20190321,-0.6153132153881921
810,$MCD,20190322,-0.40022665432521276
811,$MCD,20190323,-0.25625907878081006
812,$MCD,20190324,-0.21169634461402892
813,$MCD,20190325,-0.4735818710178137
814,$MCD,20190326,-0.4988743171095848
815,$MCD,20190327,-0.6239923889990207
816,$MCD,20190328,-0.6051495390118293
817,$MCD,20190329,-0.6763963228777835
818,$MCD,20190330,-0.6125149501694573
819,$MCD,20190331,-0.5417981826981833
820,$MCD,20190401,-0.5821855911394445
821,$MCD,20190402,-0.4373778517429645
822,$MCD,20190403,-0.562200951576233
823,$MCD,20190404,-0.44865317543347677
824,$MCD,20190405,-0.6063710954040289
825,$MCD,20190406,-0.591900537793453
826,$MCD,20190407,-0.6157035139890817
827,$MCD,20190408,-0.6230299163747717
828,$MCD,20190409,-0.7014066100120544
829,$MCD,20190410,-0.8198902559658837
830,$MCD,20190411,-0.8361834851178256
831,$MCD,20190412,-0.7684469744563103
832,$MCD,20190413,-0.6356135154211963
833,$MCD,20190414,-0.649081323828016
834,$MCD,20190415,-0.6319260376950969
835,$MCD,20190416,-0.6683314718851229
836,$MCD,20190417,-0.5881846325342045
837,$MCD,20190418,-0.6085204080093739
838,$MCD,20190419,-0.4406740665435791
839,$MCD,20190420,-0.47414736255355505
840,$MCD,20190421,-0.4170170313603169
841,$MCD,20190422,-0.38749658316373825
842,$MCD,20190423,-0.3159212955722102
843,$MCD,20190424,-0.2810120429748144
844,$MCD,20190425,-0.48118929817991435
845,$MCD,20190426,-0.4930016669360074
846,$MCD,20190427,-0.4060479336314731
847,$MCD,20190428,-0.15336922317180993
848,$MCD,20190429,-0.026985730880346052
849,$MCD,20190430,-0.056567706167697906
850,$MCD,20190501,-0.06659960102390598
851,$MCD,20190502,-0.1361923206311006
852,$MCD,20190503,-0.15402348233120783
853,$MCD,20190504,-0.40887505064407986
854,$MCD,20190505,-0.4187667965888977
855,$MCD,20190506,-0.5676386680292047
856,$MCD,20190507,-0.3439939880371094
857,$MCD,20190508,-0.5172267353534699
858,$MCD,20190509,-0.4547018621649061
859,$MCD,20190510,-0.34324757390552096
860,$MCD,20190511,-0.1486171816404049
861,$MCD,20190512,-0.0552122778362698
862,$MCD,20190513,-0.28624037759644644
863,$MCD,20190514,-0.5112411444251602
864,$MCD,20190515,-0.5418745405746229
865,$MCD,20190516,-0.6270195289355952
866,$MCD,20190517,-0.4057210604349772
867,$MCD,20190518,-0.5058743500709534
868,$MCD,20190519,-0.4025761010971936
869,$MCD,20190520,-0.42248194448409543
870,$MCD,20190521,-0.6822641018558951
871,$MCD,20190522,-0.6667492161058399
872,$MCD,20190523,-0.6967268684242345
873,$MCD,20190524,-0.6612930079581032
874,$MCD,20190525,-0.6911795328963887
875,$MCD,20190526,-0.7634580322165987
876,$MCD,20190527,-0.7428067326545715
877,$MCD,20190528,-0.724163815892976
878,$MCD,20190529,-0.6980089917778969
879,$MCD,20190530,-0.4874316776120985
880,$MCD,20190531,-0.6363034807905859
881,$MCD,20190601,-0.5704282007805289
882,$MCD,20190602,-0.6726763005984031
883,$MCD,20190603,-0.662389962569527
884,$MCD,20190604,-0.5132934396917169
885,$MCD,20190605,-0.4488778595001467
886,$MCD,20190606,-0.4382305969583227
887,$MCD,20190607,-0.42250125181107295
888,$MCD,20190608,-0.2666034761703376
889,$MCD,20190609,-0.10391084618038601
890,$MCD,20190610,-0.03529835974468904
891,$MCD,20190611,-0.38415237488570037
892,$MCD,20190612,-0.47525492934293523
893,$MCD,20190613,-0.512531064304651
894,$MCD,20190614,-0.3983834561179666
895,$MCD,20190615,-0.3565669854482015
896,$MCD,20190616,-0.5446874372886888
897,$MCD,20190617,-0.5460998043417931
898,$MCD,20190618,-0.7139759210118076
899,$MCD,20190619,-0.7021409471829733
900,$MCD,20190620,-0.6871199600398541
901,$MCD,20190621,-0.5822184324264527
902,$MCD,20190622,-0.4194188080728054
903,$MCD,20190623,-0.46530201628401474
904,$MCD,20190624,-0.3708138925688607
905,$MCD,20190625,-0.4682541608810425
906,$MCD,20190626,-0.37784441159321713
907,$MCD,20190627,-0.4685255870932624
908,$MCD,20190628,-0.49753568094709644
909,$MCD,20190629,-0.3555656591287026
910,$MCD,20190630,-0.3158811856718624
911,$MCD,20190701,-0.25154112992079364
912,$MCD,20190702,-0.50983952180199
913,$MCD,20190703,-0.5772396326065063
914,$MCD,20190704,-0.5135903794850621
915,$MCD,20190705,-0.4458660817982858
916,$MCD,20190706,-0.21363092925813462
917,$MCD,20190707,-0.33708379846630676
918,$MCD,20190708,-0.4947100838025411
919,$MCD,20190709,-0.5126125292900281
920,$MCD,20190710,-0.28567040907709224
921,$MCD,20190711,-0.1618431196656338
922,$MCD,20190712,-0.33384020234409134
923,$MCD,20190713,-0.42887135555869654
924,$MCD,20190714,-0.41128614074305486
925,$MCD,20190715,-0.4176569270051044
926,$MCD,20190716,-0.28273634446991813
927,$MCD,20190717,-0.22083906973561934
928,$MCD,20190718,-0.43371478480807807
929,$MCD,20190719,-0.5068950141087557
930,$MCD,20190720,-0.5459092814628392
931,$MCD,20190721,-0.36673247011808247
932,$MCD,20190722,-0.04876774890082223
933,$MCD,20190723,0.033791565232806735
934,$MCD,20190724,-0.2227044254541397
935,$MCD,20190725,-0.33885711431503296
936,$MCD,20190726,-0.6083401987950007
937,$MCD,20190727,-0.08389158099889756
938,$MCD,20190728,-0.07592769779942253
939,$MCD,20190729,-0.08005348748938981
940,$MCD,20190730,-0.3999621470769246
941,$MCD,20190731,-0.5197948242755647
942,$MCD,20190801,-0.5250447313740568
943,$MCD,20190802,-0.5815333199501037
944,$MCD,20190803,-0.4923036055905478
945,$MCD,20190804,-0.5654233962297439
946,$MCD,20190805,-0.5708077005718065
947,$MCD,20190806,-0.47006607986986637
948,$MCD,20190807,-0.29763082464536034
949,$MCD,20190808,-0.21760309712831363
950,$MCD,20190809,-0.2871355017026265
951,$MCD,20190810,-0.3458764819162233
952,$MCD,20190811,-0.4152452495363024
953,$MCD,20190812,-0.4854834106835452
954,$MCD,20190813,-0.481042527490192
955,$MCD,20190814,-0.2607718299074871
956,$MCD,20190815,-0.2358336605523762
957,$MCD,20190816,-0.14725154638290405
958,$MCD,20190817,-0.47471651878762755
959,$MCD,20190818,-0.5219517681333754
960,$MCD,20190819,-0.6394043495488722
961,$MCD,20190820,-0.5498998110944574
962,$MCD,20190821,-0.5178629593415693
963,$MCD,20190822,-0.5110883670940733
964,$MCD,20190823,-0.4567505975027342
965,$MCD,20190824,-0.4843397961288202
966,$MCD,20190825,-0.48750510402754244
967,$MCD,20190826,-0.4634554558330112
968,$MCD,20190827,-0.2815391188082488
969,$MCD,20190828,-0.34441905054781174
970,$MCD,20190829,-0.32596870771674225
971,$MCD,20190830,-0.44559179092275686
972,$MCD,20190831,-0.4287627273135715
973,$MCD,20190901,-0.4882008562917295
974,$MCD,20190902,-0.3334241052468618
975,$MCD,20190903,-0.10197088770244432
976,$MCD,20190904,-0.19840626562795333
977,$MCD,20190905,-0.13193167138982703
978,$MCD,20190906,-0.2564858004853532
979,$MCD,20190907,-0.21793921833688562
980,$MCD,20190908,-0.24043680289212396
981,$MCD,20190909,-0.123278864594393
982,$MCD,20190910,-0.10347617813881407
983,$MCD,20190911,-0.2376376986503601
984,$MCD,20190912,-0.3435950036776268
985,$MCD,20190913,-0.46080257342411923
986,$MCD,20190914,-0.52269806680472
987,$MCD,20190915,-0.5337630724295591
988,$MCD,20190916,-0.5476347946602366
989,$MCD,20190917,-0.4167018453280131
990,$MCD,20190918,-0.4276051265852792
991,$MCD,20190919,-0.4507088803726694
992,$MCD,20190920,-0.49588625528374497
993,$MCD,20190921,-0.6422133960966336
994,$MCD,20190922,-0.5255626097873405
995,$MCD,20190923,-0.4540952794692096
996,$MCD,20190924,-0.27411605914433795
997,$MCD,20190925,-0.3600480418938857
998,$MCD,20190926,-0.43619873067911935
999,$MCD,20190927,-0.4206198825210821
1000,$MCD,20190928,-0.40904566814314647
1001,$MCD,20190929,-0.5164870023727417
1002,$MCD,20190930,-0.6893459315653201
1003,$MCD,20191001,-0.7056275820120786
1004,$MCD,20191002,-0.6423090230334889
1005,$MCD,20191003,-0.6361247817675273
1006,$MCD,20191004,-0.5913051401193326
1007,$MCD,20191005,-0.41027817202777395
1008,$MCD,20191006,-0.2972353238325853
1009,$MCD,20191007,-0.1896955356365297
1010,$MCD,20191008,-0.211433143384995
1011,$MCD,20191009,-0.3760926243735523
1012,$MCD,20191010,-0.5422378614544868
1013,$MCD,20191011,-0.4073594831952862
1014,$MCD,20191012,-0.4402928650379181
1015,$MCD,20191013,-0.4565577261588153
1016,$MCD,20191014,-0.6491840344208938
1017,$MCD,20191015,-0.46285033226013184
1018,$MCD,20191016,-0.6294016187841242
1019,$MCD,20191017,-0.4867944847453724
1020,$MCD,20191018,-0.6013071559510141
1021,$MCD,20191019,-0.3987934600848418
1022,$MCD,20191020,-0.37521869309094485
1023,$MCD,20191021,-0.2706794840533559
1024,$MCD,20191022,-0.37957777579625446
1025,$MCD,20191023,-0.558301695910367
1026,$MCD,20191024,-0.6030289041144508
1027,$MCD,20191025,-0.5753927511327407
1028,$MCD,20191026,-0.43698851420329166
1029,$MCD,20191027,-0.41563955942789715
1030,$MCD,20191028,-0.4272978812456131
1031,$MCD,20191029,-0.39245964930607724
1032,$MCD,20191030,-0.23077951089755908
1033,$MCD,20191031,-0.36550749489601625
1034,$MCD,20191101,-0.37438546551598445
1035,$MCD,20191102,-0.4480988671702723
1036,$MCD,20191103,-0.41138209307447393
1037,$MCD,20191104,-0.4266415510858808
1038,$MCD,20191105,-0.5508040946883124
1039,$MCD,20191106,-0.5451571131363894
1040,$MCD,20191107,-0.5369135174486372
1041,$MCD,20191108,-0.42651299089193345
1042,$MCD,20191109,-0.33397868140177295
1043,$MCD,20191110,-0.34655226688635976
1044,$MCD,20191111,-0.38928573797730837
1045,$MCD,20191112,-0.2676832540468736
1046,$MCD,20191113,-0.17207025697356776
1047,$MCD,20191114,-0.12923184329388188
1048,$MCD,20191115,-0.24410353289094083
1049,$MCD,20191116,-0.3453374231447939
1050,$MCD,20191117,-0.4660511072291884
1051,$MCD,20191118,-0.5216052545153577
1052,$MCD,20191119,-0.5330647135322745
1053,$MCD,20191120,-0.543719256562846
1054,$MCD,20191121,-0.6287428846164625
1055,$MCD,20191122,-0.6816382679072294
1056,$MCD,20191123,-0.5815149125505666
1057,$MCD,20191124,-0.4750838196068479
1058,$MCD,20191125,-0.3319343975612095
1059,$MCD,20191126,-0.249703606733909
1060,$MCD,20191127,-0.500918338493425
1061,$MCD,20191128,-0.43973977107268114
1062,$MCD,20191129,-0.4705798933903376
1063,$MCD,20191130,-0.3257366404300783
1064,$MCD,20191201,-0.3499595977011181
1065,$MCD,20191202,-0.3864806321534244
1066,$MCD,20191203,-0.5536221037892735
1067,$MCD,20191204,-0.6025439063707988
1068,$MCD,20191205,-0.6003299579024315
1069,$MCD,20191206,-0.5427051663398743
1070,$MCD,20191207,-0.3691807903092483
1071,$MCD,20191208,-0.323945843705944
1072,$MCD,20191209,-0.2330531897869977
1073,$MCD,20191210,-0.2819147144045149
1074,$MCD,20191211,-0.3454279150281634
1075,$MCD,20191212,-0.503766882148656
1076,$MCD,20191213,-0.4833971046386881
1077,$MCD,20191214,-0.45088991931840483
1078,$MCD,20191215,-0.33380839071775736
1079,$MCD,20191216,-0.3727015154702323
1080,$MCD,20191217,-0.3886176248391469
1081,$MCD,20191218,-0.5379130694601271
1082,$MCD,20191219,-0.6478008985519409
1083,$MCD,20191220,-0.6070910523522575
1084,$MCD,20191221,-0.3745703982270282
1085,$MCD,20191222,-0.19370283050970596
1086,$MCD,20191223,-0.20956412030429375
1087,$MCD,20191224,-0.3752899042197636
1088,$MCD,20191225,-0.4106112065769377
1089,$MCD,20191226,-0.31150410105200377
1090,$MCD,20191227,-0.3858564426732618
1091,$MCD,20191228,-0.40899419167946127
1092,$MCD,20191229,-0.4815207926126627
1093,$MCD,20191230,0
1094,$MCD,20191231,0
1095,$MCD,20200101,0
1096,$MCD,20200102,-0.23949376742045084
1097,$MCD,20200103,-0.24117222428321838
1098,$MCD,20200104,-0.32235257966177805
1099,$MCD,20200105,-0.3720453679561615
1100,$MCD,20200106,-0.4438921019837663
1101,$MCD,20200107,-0.6662397695084413
1102,$MCD,20200108,-0.6777381077408791
1103,$MCD,20200109,-0.5773219132827501
1104,$MCD,20200110,-0.3256570769519341
1105,$MCD,20200111,-0.2008756770277923
1106,$MCD,20200112,-0.29523483696191205
1107,$MCD,20200113,-0.35137758193871915
1108,$MCD,20200114,-0.34147685553346363
1109,$MCD,20200115,-0.3780070165793101
1110,$MCD,20200116,-0.4651861637830734
1111,$MCD,20200117,-0.5154544148805007
1112,$MCD,20200118,-0.4059848565321702
1113,$MCD,20200119,-0.36809130238764215
1114,$MCD,20200120,-0.39855128631257175
1115,$MCD,20200121,-0.5306423355122002
1116,$MCD,20200122,-0.5019897463473868
1117,$MCD,20200123,-0.47097709650794667
1118,$MCD,20200124,-0.367711341381073
1119,$MCD,20200125,-0.37769377537262744
1120,$MCD,20200126,-0.3993265294447178
1121,$MCD,20200127,-0.28132857517762616
1122,$MCD,20200128,-0.20198609129242276
1123,$MCD,20200129,-0.18822769820690155
1124,$MCD,20200130,-0.34455301436510954
1125,$MCD,20200131,-0.4040329429236325
1126,$MCD,20200201,-0.43718881223161343
1127,$MCD,20200202,-0.47664239325306634
1128,$MCD,20200203,-0.4750425194700559
1129,$MCD,20200204,-0.48215167088942096
1130,$MCD,20200205,-0.47376080903601137
1131,$MCD,20200206,-0.4594848327911817
1132,$MCD,20200207,-0.44854231467887534
1133,$MCD,20200208,-0.3956296010450883
1134,$MCD,20200209,-0.4703623702128728
1135,$MCD,20200210,-0.4566166646340314
1136,$MCD,20200211,-0.38911489645640057
1137,$MCD,20200212,-0.1459847397274441
1138,$MCD,20200213,-0.13097167253494263
1139,$MCD,20200214,-0.25494138440307307
1140,$MCD,20200215,-0.4217988133430481
1141,$MCD,20200216,-0.49827357562812596
1142,$MCD,20200217,-0.4569872231096835
1143,$MCD,20200218,-0.3533108758203911
1144,$MCD,20200219,-0.3109966470645024
1145,$MCD,20200220,-0.09998114307721456
1146,$MCD,20200221,-0.17353403568267822
1147,$MCD,20200222,-0.38006632725397743
1148,$MCD,20200223,-0.47879865521290266
1149,$MCD,20200224,-0.6004725098609924
1150,$MCD,20200225,-0.556410191832362
1151,$MCD,20200226,-0.6137762034640593
1152,$MCD,20200227,-0.49741988819698957
1153,$MCD,20200228,-0.4196365944882657
1154,$MCD,20200229,-0.4498842206868258
1155,$MCD,20200301,-0.4547540329872294
1156,$MCD,20200302,-0.5382506052652994
1157,$MCD,20200303,-0.4764001710074289
1158,$MCD,20200304,-0.5723280337723818
1159,$MCD,20200305,-0.4726524124754236
1160,$MCD,20200306,-0.5058650476176564
1161,$MCD,20200307,-0.488230843493279
1162,$MCD,20200308,-0.6193179371880322
1163,$MCD,20200309,-0.6437070965766907
1164,$MCD,20200310,-0.4438453606196812
1165,$MCD,20200311,-0.4133691716194153
1166,$MCD,20200312,-0.34405344618218286
1167,$MCD,20200313,-0.3946066183202407
1168,$MCD,20200314,-0.2613276763165251
1169,$MCD,20200315,-0.4029184365272522
1170,$MCD,20200316,-0.4500638511445787
1171,$MCD,20200317,-0.5184583520889282
1172,$MCD,20200318,-0.5368490128193871
1173,$MCD,20200319,-0.45044827248368946
1174,$MCD,20200320,-0.45933289215212963
1175,$MCD,20200321,-0.31014065679750946
1176,$MCD,20200322,-0.3778272352966608
1177,$MCD,20200323,-0.3696624665725522
1178,$MCD,20200324,-0.4351478163152933
1179,$MCD,20200325,-0.27694681356119555
1180,$MCD,20200326,-0.31751876804563733
1181,$MCD,20200327,-0.4488593141237895
1182,$MCD,20200328,-0.621586510629365
1183,$MCD,20200329,-0.6936692873636882
1184,$MCD,20200330,-0.5304044670072096
1185,$MCD,20200331,-0.6499167936188834
1186,$MCD,20200401,-0.5934690260419658
1187,$MCD,20200402,-0.518590579598637
1188,$MCD,20200403,-0.43889016944628495
1189,$MCD,20200404,-0.4355206977237355
1190,$MCD,20200405,-0.4644110835328394
1191,$MCD,20200406,-0.4044594229795994
1192,$MCD,20200407,-0.36608305931091306
1193,$MCD,20200408,-0.37210628390312195
1194,$MCD,20200409,-0.6656599570723141
1195,$MCD,20200410,-0.7383973855238695
1196,$MCD,20200411,-0.6997877500559154
1197,$MCD,20200412,-0.6292422275458064
1198,$MCD,20200413,-0.5923759478789109
1199,$MCD,20200414,-0.5036719214348566
1200,$MCD,20200415,-0.5927099702613694
1201,$MCD,20200416,-0.5658114835367365
1202,$MCD,20200417,-0.494777156247033
1203,$MCD,20200418,-0.3880480933189392
1204,$MCD,20200419,-0.3679790919025739
1205,$MCD,20200420,-0.5816859637989718
1206,$MCD,20200421,-0.43262718121210736
1207,$MCD,20200422,-0.14771443762277303
1208,$MCD,20200423,-0.25779465284753356
1209,$MCD,20200424,-0.29595665044562763
1210,$MCD,20200425,-0.5769917507504307
1211,$MCD,20200426,-0.4056740403175354
1212,$MCD,20200427,-0.10703964943581439
1213,$MCD,20200428,0.1106773719452975
1214,$MCD,20200429,0.13947159485383467
1215,$MCD,20200430,-0.07885711290398423
1216,$MCD,20200501,-0.3996641257452586
1217,$MCD,20200502,-0.4447936689267393
1218,$MCD,20200503,-0.4740899840990702
1219,$MCD,20200504,-0.5841044932603836
1220,$MCD,20200505,-0.6966034727437156
1221,$MCD,20200506,-0.6534894386003184
1222,$MCD,20200507,-0.6782029757694322
1223,$MCD,20200508,-0.6297611053599868
1224,$MCD,20200509,-0.5869322000323115
1225,$MCD,20200510,-0.45305487603852246
1226,$MCD,20200511,-0.48140749786839343
1227,$MCD,20200512,-0.503596914441962
1228,$MCD,20200513,-0.5533287911801725
1229,$MCD,20200514,-0.5380758225917817
1230,$MCD,20200515,-0.6343893326965033
1231,$MCD,20200516,-0.5345386266708374
1232,$MCD,20200517,-0.5324999636837414
1233,$MCD,20200518,-0.456911646738285
1234,$MCD,20200519,-0.32918180704116823
1235,$MCD,20200520,-0.3940493524074554
1236,$MCD,20200521,-0.26697664898495344
1237,$MCD,20200522,-0.3178001894789227
1238,$MCD,20200523,-0.2531986974534534
1239,$MCD,20200524,-0.28330657563426276
1240,$MCD,20200525,-0.186764903606907
1241,$MCD,20200526,-0.17512328624725343
1242,$MCD,20200527,-0.3419410001997854
1243,$MCD,20200528,-0.4676676171441232
1244,$MCD,20200529,-0.4435524795736585
1245,$MCD,20200530,-0.40668797865509987
1246,$MCD,20200531,-0.36662377191312384
1247,$MCD,20200601,-0.3487727642059326
1248,$MCD,20200602,-0.21272612114747366
1249,$MCD,20200603,-0.15179931234430383
1250,$MCD,20200604,-0.1457987483157668
1251,$MCD,20200605,-0.1637402612988542
1252,$MCD,20200606,-0.26243082951691193
1253,$MCD,20200607,-0.3816273283958435
1254,$MCD,20200608,-0.4696818450663952
1255,$MCD,20200609,-0.5925668676694235
1256,$MCD,20200610,-0.5506604240865124
1257,$MCD,20200611,-0.5484270682701697
1258,$MCD,20200612,-0.5334810505107958
1259,$MCD,20200613,-0.5521078363377997
1260,$MCD,20200614,-0.578599662394137
1261,$MCD,20200615,-0.5944136614384858
1262,$MCD,20200616,-0.5631473938624064
1263,$MCD,20200617,-0.4748444450207246
1264,$MCD,20200618,-0.516060006384756
1265,$MCD,20200619,-0.6256191537930416
1266,$MCD,20200620,-0.7088538587093354
1267,$MCD,20200621,-0.6623882158942844
1268,$MCD,20200622,-0.5994921489195391
1269,$MCD,20200623,-0.455371787471156
1270,$MCD,20200624,-0.47086601488051877
1271,$MCD,20200625,-0.3517684374536787
1272,$MCD,20200626,-0.46517360320797674
1273,$MCD,20200627,-0.40489903278648853
1274,$MCD,20200628,-0.4232915399367349
1275,$MCD,20200629,-0.358302450541294
1276,$MCD,20200630,-0.47255221222128185
1277,$MCD,20200701,-0.5138690345215075
1278,$MCD,20200702,-0.5112983918771511
1279,$MCD,20200703,-0.626850637105795
1280,$MCD,20200704,-0.659955657878012
1281,$MCD,20200705,-0.6389265757925967
1282,$MCD,20200706,-0.5229812654165121
1283,$MCD,20200707,-0.3560436313802546
1284,$MCD,20200708,-0.47184707952100174
1285,$MCD,20200709,-0.5099609719132477
1286,$MCD,20200710,-0.5606042302173116
1287,$MCD,20200711,-0.4611596270747807
1288,$MCD,20200712,-0.438762672436543
1289,$MCD,20200713,-0.4232512775220369
1290,$MCD,20200714,-0.4258183405754414
1291,$MCD,20200715,-0.36903711905082065
1292,$MCD,20200716,-0.35281383328967625
1293,$MCD,20200717,-0.29475513100624084
1294,$MCD,20200718,-0.33712184649926646
1295,$MCD,20200719,-0.3490635628970164
1296,$MCD,20200720,-0.3009950482115454
1297,$MCD,20200721,-0.2284998604745576
1298,$MCD,20200722,-0.22644936337190516
1299,$MCD,20200723,-0.18725867403878105
1300,$MCD,20200724,-0.22388126185307136
1301,$MCD,20200725,-0.3542817118121128
1302,$MCD,20200726,-0.4127690803546172
1303,$MCD,20200727,-0.28242114186286926
1304,$MCD,20200728,-0.14806147984095983
1305,$MCD,20200729,-0.4517184481024742
1306,$MCD,20200730,-0.4991999642521727
1307,$MCD,20200731,-0.4575927031451258
1308,$MCD,20200801,-0.3650632527741519
1309,$MCD,20200802,-0.5390234112739563
1310,$MCD,20200803,-0.5747650647774721
1311,$MCD,20200804,-0.5091354989487192
1312,$MCD,20200805,-0.45412811305787826
1313,$MCD,20200806,-0.48402827233076096
1314,$MCD,20200807,-0.5657680263886085
1315,$MCD,20200808,-0.4341633784770966
1316,$MCD,20200809,-0.3752492976685365
1317,$MCD,20200810,-0.34119421820486745
1318,$MCD,20200811,-0.6218814715262382
1319,$MCD,20200812,-0.6547485788663229
1320,$MCD,20200813,-0.534511332710584
1321,$MCD,20200814,-0.2285854472563817
1322,$MCD,20200815,-0.3077652012148211
1323,$MCD,20200816,-0.4715141151100397
1324,$MCD,20200817,-0.5625874536378043
1325,$MCD,20200818,-0.6314289822722926
1326,$MCD,20200819,-0.5760088083536729
1327,$MCD,20200820,-0.5232589374417844
1328,$MCD,20200821,-0.4212682944972341
1329,$MCD,20200822,-0.39628249729001847
1330,$MCD,20200823,-0.4621556661067865
1331,$MCD,20200824,-0.33026333742363506
1332,$MCD,20200825,-0.15010879798368973
1333,$MCD,20200826,-0.0412709865459176
1334,$MCD,20200827,-0.19817139307657877
1335,$MCD,20200828,-0.18117422610521317
1336,$MCD,20200829,-0.24703567000952634
1337,$MCD,20200830,-0.23831598856011216
1338,$MCD,20200831,-0.33301721281475494
1339,$MCD,20200901,-0.3871372640132904
1340,$MCD,20200902,-0.5906820212091718
1341,$MCD,20200903,-0.5059699871960808
1342,$MCD,20200904,-0.48458167910575867
1343,$MCD,20200905,-0.3657855877169856
1344,$MCD,20200906,-0.2952333761424553
1345,$MCD,20200907,-0.4436983323097229
1346,$MCD,20200908,-0.0916751352223483
1347,$MCD,20200909,-0.12551495835587784
1348,$MCD,20200910,-0.06587753904626724
1349,$MCD,20200911,-0.20517381616667205
1350,$MCD,20200912,-0.3036626145243645
1351,$MCD,20200913,-0.3475788053539064
1352,$MCD,20200914,-0.43519377907117207
1353,$MCD,20200915,-0.41024760365486146
1354,$MCD,20200916,-0.3754694406376329
1355,$MCD,20200917,-0.16305363885426927
1356,$MCD,20200918,0.016305744647979736
1357,$MCD,20200919,0.0003304890557831409
1358,$MCD,20200920,-0.03860785240350768
1359,$MCD,20200921,-0.03350971987906923
1360,$MCD,20200922,-0.107152367180044
1361,$MCD,20200923,-0.19948909878730775
1362,$MCD,20200924,-0.3800800073714483
1363,$MCD,20200925,-0.2919756057469741
1364,$MCD,20200926,-0.37480547775824863
1365,$MCD,20200927,-0.3550827369093895
1366,$MCD,20200928,-0.5504188203811645
1367,$MCD,20200929,-0.36049368381500246
1368,$MCD,20200930,-0.269400617107749
1369,$MCD,20201001,-0.3407727452841672
1370,$MCD,20201002,-0.3544031758057444
1371,$MCD,20201003,-0.1357415777941545
1372,$MCD,20201004,-0.04142613672628635
1373,$MCD,20201005,0.08148375153541565
1374,$MCD,20201006,-0.10156480471293132
1375,$MCD,20201007,-0.020951523500330308
1376,$MCD,20201008,-0.2151466254144907
1377,$MCD,20201009,-0.15364239364862442
1378,$MCD,20201010,-0.11209361880056319
1379,$MCD,20201011,-0.05853233085228847
1380,$MCD,20201012,-0.023839700512769745
1381,$MCD,20201013,-0.14202617911192086
1382,$MCD,20201014,-0.14211608341761997
1383,$MCD,20201015,-0.3672015219926834
1384,$MCD,20201016,-0.5308018138534144
1385,$MCD,20201017,-0.4459827972012897
1386,$MCD,20201018,-0.40894771639893696
1387,$MCD,20201019,-0.258213865406373
1388,$MCD,20201020,-0.3787764249176815
1389,$MCD,20201021,-0.2787891916326574
1390,$MCD,20201022,-0.16129308938980103
1391,$MCD,20201023,-0.36619426906108854
1392,$MCD,20201024,-0.28453494952275205
1393,$MCD,20201025,-0.5267809118543353
1394,$MCD,20201026,-0.4534854531288147
1395,$MCD,20201027,-0.6444608811289072
1396,$MCD,20201028,-0.5805044906479971
1397,$MCD,20201029,-0.569539073186043
1398,$MCD,20201030,-0.46706155184152964
1399,$MCD,20201031,-0.3531373666257274
1400,$MCD,20201101,-0.20772815157066693
1401,$MCD,20201102,-0.21320872371261185
1402,$MCD,20201103,-0.3688455549153415
1403,$MCD,20201104,-0.54233832018716
1404,$MCD,20201105,-0.6365550641830151
1405,$MCD,20201106,-0.5671483049025903
1406,$MCD,20201107,-0.3814988185962041
1407,$MCD,20201108,-0.3006366161923659
1408,$MCD,20201109,-0.2500135563313961
1409,$MCD,20201110,-0.4304869920015335
1410,$MCD,20201111,-0.42063423565455843
1411,$MCD,20201112,-0.41528955926286415
1412,$MCD,20201113,-0.3706224214646124
1413,$MCD,20201114,-0.4113249020142989
1414,$MCD,20201115,-0.4436256527900696
1415,$MCD,20201116,-0.41443124214808147
1416,$MCD,20201117,-0.37854491409502533
1417,$MCD,20201118,-0.2685418648104514
1418,$MCD,20201119,-0.40278632938861847
1419,$MCD,20201120,-0.4496857076883316
1420,$MCD,20201121,-0.5572902113199234
1421,$MCD,20201122,-0.49697482738739407
1422,$MCD,20201123,-0.5176853788526434
1423,$MCD,20201124,-0.5343581531196833
1424,$MCD,20201125,-0.5677174483576128
1425,$MCD,20201126,-0.42332729441779
1426,$MCD,20201127,-0.40368017156918845
1427,$MCD,20201128,-0.1931021339014957
1428,$MCD,20201129,-0.2714049816131592
1429,$MCD,20201130,-0.25260644406080246
1430,$MCD,20201201,-0.3967511792977651
1431,$MCD,20201202,-0.43379486004511514
1432,$MCD,20201203,-0.3771014692990676
1433,$MCD,20201204,-0.45588802099227904
1434,$MCD,20201205,-0.4231619045541093
1435,$MCD,20201206,-0.3157096177339554
1436,$MCD,20201207,-0.2672931920914423
1437,$MCD,20201208,-0.40881507098674774
1438,$MCD,20201209,-0.4941229327366902
1439,$MCD,20201210,-0.5012011361903832
1440,$MCD,20201211,-0.5047172427177429
1441,$MCD,20201212,-0.378805855512619
1442,$MCD,20201213,-0.3275803877757146
1443,$MCD,20201214,-0.3520624461499127
1444,$MCD,20201215,-0.42689004031623284
1445,$MCD,20201216,-0.36355473274408384
1446,$MCD,20201217,-0.27990862429142
1447,$MCD,20201218,-0.19112675317696162
1448,$MCD,20201219,-0.156953590531503
1449,$MCD,20201220,-0.24882027837965223
1450,$MCD,20201221,-0.16428430951558626
1451,$MCD,20201222,-0.40514877066016197
1452,$MCD,20201223,-0.3399514718489213
1453,$MCD,20201224,-0.42877812385559083
1454,$MCD,20201225,-0.41127046818534535
1455,$MCD,20201226,-0.40697258240298223
1456,$MCD,20201227,-0.39393911600112913
1457,$MCD,20201228,-0.20563755929470062
1458,$MCD,20201229,0
1459,$MCD,20201230,0
1460,$MCD,20201231,0
